7064691,Independence Day: Resurgence | Official Trailer [HD] | 20th Century FOX
2044888,George W. Bush Cold Open - SNL
359913,Last Week Tonight with John Oliver: Regifting (Web Exclusive)
2461751,Conor McGregor knocks out Jose Aldo in 13 seconds - UFC 194
706342475,Adele - Hello
44365650,Adele - When We Were Young (Live at The Church Studios)
599356567,Adele - Someone Like You
781796754,Adele - Rolling in the Deep
29820281,Adele - Hello (Live at the NRJ Awards)
196613185,Adele - Set Fire To The Rain (Live at The Royal Albert Hall)
9882763,Adele - When We Were Young (Live on SNL)
164556837,Adele - Skyfall (Lyric Video)
51335619,Adele - Hometown Glory
65469426,Adele - Chasing Pavements
413203,WILD SANTACON 2015 iN NYC
171703,Chris Brown - Back To Sleep (Explicit Version)
329524,Dick Van Dyke&#39;s 90th Birthday Flash Mob
2646116,UFC 194: Conor McGregor and Jose Aldo Octagon Interview
164296,1989 World Tour LIVE Trailer
103200,Russell Westbrook Throws it Off Rodney Hood&#39;s Back and Beats the Buzzer
1440870,Catchphrase with Will Smith and Kirsten Dunst
304045,Why Japan&#39;s conviction rate is 99%
2125647,BEST NEWS BLOOPERS 2015
2043884,Will It Pie? Taste Test
1334906,Jon Stewart Crashes Stephen Monologue
465591,A Brief History Of Recording Ourselves
2512517,Miley Cyrus - BB Talk
484155,Making A Murderer - Trailer - Netflix [HD]
283985,Tina Fey Developed Early - The Graham Norton Show
321269377,Justin Bieber - Sorry (PURPOSE : The Movement)
447358027,Justin Bieber - What Do You Mean?
78079247,Justin Bieber - Love Yourself (PURPOSE : The Movement)
85811593,Justin Bieber - I&#39;ll Show You
72046752,Justin Bieber - Sorry (Lyric Video)
18597232,Justin Bieber - The Feeling (PURPOSE : The Movement) ft. Halsey
5791224,Justin Bieber - PURPOSE : The Movement
19099087,Justin Bieber - Purpose (PURPOSE : The Movement)
557466443,Justin Bieber - Beauty And A Beat ft. Nicki Minaj
15623153,Justin Bieber - Mark My Words (PURPOSE : The Movement)
888817,A Simple Trick to Install Baseboard Corners Perfectly
378166,How to Caulk a Bathtub with Beautiful Results
499150,How to Make a Perfectly Straight Cut in Wood with a Circular Saw
210220,Install Perfect Outside Baseboard Corners/Easy Math Trick
256952,Drywall Taping for Beginners Guaranteed Professional Results
8820247,4 Tape Measure Tricks
7200,How to Repair a Wall with an Orange Peel Texture
128411,How to Attach 2 Pieces of Baseboard or Chair Rail with a Scarf Joint
30068,3 Window and Door Trim Secrets Revealed
66349,How to Use the 3 4 5 Method to Square Up a Wall Perfectly
661532,Hope For Paws: Dorothy a Senior Dog Bites Her Rescuer But Then Makes an Incredible Transformation.
541979,Hope For Paws: Homeless mom gives birth to three puppies on a college campus. Please share.
792420,Hope For Paws: Homeless Pit Bull rescued dangerously close to the freeway.
413528,Hope For Paws: Amy - an injured Chihuahua hiding from rescuers. Find out how YOU can help her today!
582556,Hope For Paws: Violet - a MUST SEE rescue of a sick Maltese. Please share and help find her a home.
2029942,Hope For Paws dog rescue mission in Costa Rica!!! Please share.
435012,Hope For Paws: Dill &amp; Pickles - homeless buddies happy to be rescued! Please share.
4573042,A brave little dog gets rescued from the river. His recovery will inspire you. Please share.
579010,Hope For Paws: Angelo - a homeless dog living in a trench next to a biohazard disposal company.
2369598,Troy - Extended version (for photos from his new homeMY_COMMA join my FB page).
12336517,Taser Impacts on Bare Skin at 28MY_COMMA000fps - The Slow Mo Guys
41747226,6ft Man in 6ft Giant Water Balloon - 4K - The Slow Mo Guys
12619181,Jelly Tennis - The Slow Mo Guys
2424050,Massive Crusher - The Slow Mo Guys
5633441,Fire Tornado in Slow Motion 4K - The Slow Mo Guys
2354592,Gnarly Water Spirals at 1600fps - The Slow Mo Guys
9955970,CD Shattering at 170MY_COMMA000FPS! - The Slow Mo Guys
117903772,Giant 6ft Water Balloon - The Slow Mo Guys
24491825,Underwater Bullets at 27fps - The Slow Mo Guys
20448077,Water Condom Head Balloon - The Slow Mo Guys
666574,Jacobs vs. Quillin | 360 Virtual Reality | SHOWTIME CHAMPIONSHIP BOXING
376868,360 CAMERA | Jordan Cousins&#39; equaliser in 360 degrees
385649,See Man Fly in 360: Dunking with Sir Issac White
376008,SAMSUNG SCHOOL OF RUGBY - 360 VIDEO
130852,Sandro Moral en cicmara 360_ (movie la pantalla y probic)
31469,Finale 39 accession  la Pro A de basketMY_COMMA Antibes - Denain
173035,LOSC FOOTBALL 360 A EXPERIENCE
33267,NYCFC vs. Chicago Fire 360 Experience
18526,360 View: Players Coming Out Of The Tunnel At Barnsley (using Kodak SP360)
23946,Twin MMA Fighters Training in 360 Video
13138,Vondelpark 360
29323, HD Ultimate Fishing Camera - YouTube 360 Degree Video
14163,SABABA Planet360